{"cameraMode":{"drawMode":0,"name":"Shaded","section":"Shading Mode"},"sceneLighting":false,"audioPlay":false,"sceneViewState":{"m_AlwaysRefresh":false,"showFog":true,"showSkybox":false,"showFlares":true,"showImageEffects":true,"showParticleSystems":true,"showVisualEffectGraphs":true,"m_FxEnabled":true},"in2DMode":false,"pivot":{"x":-0.18761634826660157,"y":7.500051975250244,"z":6.556510925292969e-7},"rotation":{"x":-0.10115399211645127,"y":0.03760474547743797,"z":-0.0038249031640589239,"w":-0.9941575527191162},"size":8.532801628112793,"orthographic":true}