{"cameraMode":{"drawMode":0,"name":"Shaded","section":"Shading Mode"},"sceneLighting":true,"audioPlay":false,"sceneViewState":{"m_AlwaysRefresh":false,"showFog":true,"showSkybox":true,"showFlares":true,"showImageEffects":true,"showParticleSystems":true,"showVisualEffectGraphs":true,"m_FxEnabled":true},"in2DMode":false,"pivot":{"x":-0.581939697265625,"y":0.7962121963500977,"z":0.048333168029785159},"rotation":{"x":0.06295261532068253,"y":-0.013472812250256539,"z":0.0008499122341163456,"w":0.9979254007339478},"size":20.61162757873535,"orthographic":true}